degree,rate
1,28032911.35947694
2,35073471.46033737
3,23148171.579726472
4,14271027.118594319
5,8774049.49986884
6,2420927.1721926653
7,1206229.2216824277
8,810371.653982728
